{"cameraMode":{"drawMode":0,"name":"Shaded","section":"Shading Mode"},"sceneLighting":true,"audioPlay":false,"sceneViewState":{"showFog":true,"showMaterialUpdate":false,"showSkybox":true,"showFlares":true,"showImageEffects":true,"showParticleSystems":true},"in2DMode":false,"pivot":{"x":0.046142578125,"y":-0.218597412109375,"z":0.843505859375},"rotation":{"x":-0.15370450913906098,"y":-0.04799538478255272,"z":0.007475003134459257,"w":-0.9869222640991211},"size":0.6876955628395081,"orthographic":true}